"Carimbo de data/hora","Data de entrada no lote","Data de nascimento","Peso inicial (kg)","Sexo","Composição racial","Espécies forrageiras do piquete","Quantidade de suplemento (kg/dia)","PB do suplemento (% MS)","Energia metabolizável do suplemento (Mcal/kg MS)","Frequência de suplementação (dias/semana)","Rotação de piquete","Data da ultima pesagem","Estresse de transporte (últimos 7 dias da ultima pesagem)","Evento sanitário recente","Data do evento sanitário","Duração do evento (dias)","Vacinação recente (últimos 7 dias)","Vermifugação recente (últimos 7 dias)","Peso de saída (kg)"
"2026/06/16 9:00:00 AM GMT-3","2025-04-28","2024-06-02","248","Fêmea","Anelorado","Marandu;MG-4;Decumbens;Tanzania","0.816","30","20","7","Sim","2025-07-17","Não","Não","","","Não","Não","296"
"2026/06/16 9:00:00 AM GMT-3","2024-11-19","2024-03-04","210","Fêmea","Anelorado","Marandu;MG-4;Decumbens;Tanzania","0.925","30","20","7","Sim","2025-11-28","Não","Não","","","Não","Não","407"
"2026/06/16 9:00:00 AM GMT-3","2025-04-28","2024-02-03","299","Fêmea","½ sangue (F1 Taurino × Zebuíno)","Marandu;MG-4;Decumbens;Tanzania","1.026","30","20","7","Sim","2025-11-28","Não","Não","","","Não","Não","385"
"2026/06/16 9:00:00 AM GMT-3","2025-04-28","2023-11-05","306","Fêmea","Nelore","Marandu;MG-4;Decumbens;Tanzania","1.006","30","20","7","Sim","2025-11-28","Não","Não","","","Não","Não","365"
"2026/06/16 9:00:00 AM GMT-3","2024-11-19","2023-12-05","279","Fêmea","Anelorado","Marandu;MG-4;Decumbens;Tanzania","1.012","30","20","7","Sim","2025-11-28","Não","Não","","","Não","Não","396"
"2026/06/16 9:00:00 AM GMT-3","2024-11-19","2024-05-03","191","Fêmea","Anelorado","Marandu;MG-4;Decumbens;Tanzania","0.842","30","20","7","Sim","2025-11-28","Não","Não","","","Não","Não","370"
"2026/06/16 9:00:00 AM GMT-3","2024-11-19","2024-05-08","181","Fêmea","Anelorado","Marandu;MG-4;Decumbens;Tanzania","0.810","30","20","7","Sim","2025-11-28","Não","Não","","","Não","Não","359"
"2026/06/16 9:00:00 AM GMT-3","2024-11-19","2024-05-13","129","Fêmea","½ sangue (F1 Taurino × Zebuíno)","Marandu;MG-4;Decumbens;Tanzania","0.676","30","20","7","Sim","2025-11-28","Não","Não","","","Não","Não","322"
"2026/06/16 9:00:00 AM GMT-3","2025-04-28","2024-01-04","281","Fêmea","Angus","Marandu;MG-4;Decumbens;Tanzania","0.947","30","20","7","Sim","2025-11-28","Não","Não","","","Não","Não","350"
"2026/06/16 9:00:00 AM GMT-3","2024-11-26","2024-03-01","215","Fêmea","Anelorado","Marandu;MG-4;Decumbens;Tanzania","0.928","30","20","7","Sim","2025-11-28","Não","Não","","","Não","Não","404"
"2026/06/16 9:00:00 AM GMT-3","2025-02-12","2024-10-15","126","Fêmea","Anelorado","Marandu;MG-4;Decumbens;Tanzania","0.678","30","20","7","Sim","2026-01-24","Não","Não","","","Não","Não","326"
"2026/06/16 9:00:00 AM GMT-3","2025-06-03","2024-11-05","195","Fêmea","Anelorado","Marandu;MG-4;Decumbens;Tanzania","0.743","30","20","7","Sim","2026-01-24","Não","Não","","","Não","Não","300"
"2026/06/16 9:00:00 AM GMT-3","2025-06-03","2024-11-25","162","Fêmea","Anelorado","Marandu;MG-4;Decumbens;Tanzania","0.600","30","20","7","Sim","2026-01-24","Não","Não","","","Não","Não","238"
"2026/06/16 9:00:00 AM GMT-3","2025-02-12","2024-09-15","136","Fêmea","Anelorado","Marandu;MG-4;Decumbens;Tanzania","0.687","30","20","7","Sim","2026-01-24","Não","Não","","","Não","Não","322"
"2026/06/16 9:00:00 AM GMT-3","2025-06-03","2024-10-06","212","Fêmea","Nelore","Marandu;MG-4;Decumbens;Tanzania","0.858","30","20","7","Sim","2026-01-24","Não","Não","","","Não","Não","360"
"2026/06/16 9:00:00 AM GMT-3","2025-02-12","2024-08-16","165","Fêmea","Anelorado","Marandu;MG-4;Decumbens;Tanzania","0.698","30","20","7","Sim","2026-01-24","Não","Não","","","Não","Não","300"
"2026/06/16 9:00:00 AM GMT-3","2025-02-12","2024-08-11","166","Fêmea","Anelorado","Marandu;MG-4;Decumbens;Tanzania","0.711","30","20","7","Sim","2026-01-24","Não","Não","","","Não","Não","308"
"2026/06/16 9:00:00 AM GMT-3","2025-02-12","2024-09-05","127","Fêmea","Nelore","Marandu;MG-4;Decumbens;Tanzania","0.567","30","20","7","Sim","2026-01-24","Não","Não","","","Não","Não","251"
"2026/06/16 9:00:00 AM GMT-3","2025-06-03","2024-12-15","159","Fêmea","Anelorado","Marandu;MG-4;Decumbens;Tanzania","0.632","30","20","7","Sim","2026-01-24","Não","Não","","","Não","Não","262"
"2026/06/16 9:00:00 AM GMT-3","2025-06-03","2024-09-06","205","Fêmea","Anelorado","Marandu;MG-4;Decumbens;Tanzania","0.713","30","20","7","Sim","2026-01-24","Não","Não","","","Não","Não","270"
"2026/06/16 9:00:00 AM GMT-3","2025-06-03","2024-10-31","185","Fêmea","Anelorado","Marandu;MG-4;Decumbens;Tanzania","0.714","30","20","7","Sim","2026-01-24","Não","Não","","","Não","Não","291"
"2026/06/16 9:00:00 AM GMT-3","2025-06-03","2024-11-15","193","Fêmea","Anelorado","Marandu;MG-4;Decumbens;Tanzania","0.664","30","20","7","Sim","2026-01-24","Não","Não","","","Não","Não","250"
"2026/06/16 9:00:00 AM GMT-3","2025-02-11","2024-07-06","219","Fêmea","½ sangue (F1 Taurino × Zebuíno)","Marandu;MG-4;Decumbens;Tanzania","0.811","30","20","7","Sim","2025-12-28","Não","Não","","","Não","Não","322"
"2026/06/16 9:00:00 AM GMT-3","2025-06-03","2024-10-16","236","Fêmea","Anelorado","Marandu;MG-4;Decumbens;Tanzania","0.813","30","20","7","Sim","2025-12-28","Não","Não","","","Não","Não","306"
"2026/06/16 9:00:00 AM GMT-3","2024-11-19","2024-05-08","172","Fêmea","Anelorado","Marandu;MG-4;Decumbens;Tanzania","0.716","30","20","7","Sim","2025-12-28","Não","Não","","","Não","Não","305"
"2026/06/16 9:00:00 AM GMT-3","2025-04-28","2024-07-02","241","Fêmea","Anelorado","Marandu;MG-4;Decumbens;Tanzania","0.884","30","20","7","Sim","2025-12-28","Não","Não","","","Não","Não","348"
"2026/06/16 9:00:00 AM GMT-3","2026-01-30","2025-06-24","210","Fêmea","Nelore","Marandu;MG-4;Decumbens;Tanzania","0.801","30","20","7","Sim","2026-04-04","Não","Não","","","Não","Não","324"
"2026/06/16 9:00:00 AM GMT-3","2025-06-03","2024-11-10","211","Fêmea","Anelorado","Marandu;MG-4;Decumbens;Tanzania","0.775","30","20","7","Sim","2026-04-04","Não","Não","","","Não","Não","306"
"2026/06/16 9:00:00 AM GMT-3","2025-06-03","2024-11-05","208","Fêmea","Nelore","Marandu;MG-4;Decumbens;Tanzania","0.801","30","20","7","Sim","2026-04-04","Não","Não","","","Não","Não","326"
"2026/06/16 9:00:00 AM GMT-3","2025-06-03","2024-11-25","187","Fêmea","Anelorado","Marandu;MG-4;Decumbens;Tanzania","0.784","30","20","7","Sim","2026-04-04","Não","Não","","","Não","Não","336"
"2026/06/16 9:00:00 AM GMT-3","2025-06-03","2023-12-11","234","Fêmea","Anelorado","Marandu;MG-4;Decumbens;Tanzania","0.767","30","20","7","Sim","2025-09-17","Não","Não","","","Não","Não","277"
"2026/06/16 9:00:00 AM GMT-3","2025-04-28","2023-12-25","273","Fêmea","Anelorado","Marandu;MG-4;Decumbens;Tanzania","0.893","30","20","7","Sim","2025-09-17","Não","Não","","","Não","Não","322"
"2026/06/16 9:00:00 AM GMT-3","2025-06-03","2024-04-29","254","Fêmea","Anelorado","Marandu;MG-4;Decumbens;Tanzania","0.813","30","20","7","Sim","2025-09-17","Não","Não","","","Não","Não","288"
"2026/06/16 9:00:00 AM GMT-3","2025-02-12","2024-06-17","167","Fêmea","Anelorado","Marandu;MG-4;Decumbens;Tanzania","0.648","30","20","7","Sim","2025-09-17","Não","Não","","","Não","Não","265"
"2026/06/16 9:00:00 AM GMT-3","2025-06-03","2024-08-07","226","Fêmea","Anelorado","Marandu;MG-4;Decumbens;Tanzania","0.732","30","20","7","Sim","2025-09-17","Não","Não","","","Não","Não","262"
"2026/06/16 9:00:00 AM GMT-3","2025-04-28","2024-08-31","226","Fêmea","½ sangue (F1 Taurino × Zebuíno)","Marandu;MG-4;Decumbens;Tanzania","0.767","30","20","7","Sim","2025-09-17","Não","Não","","","Não","Não","285"
"2026/06/16 9:00:00 AM GMT-3","2025-06-03","2024-09-06","228","Fêmea","Anelorado","Marandu;MG-4;Decumbens;Tanzania","0.716","30","20","7","Sim","2025-09-17","Não","Não","","","Não","Não","249"
"2026/06/16 9:00:00 AM GMT-3","2025-04-28","2024-07-27","246","Fêmea","Anelorado","Marandu;MG-4;Decumbens;Tanzania","0.802","30","20","7","Sim","2025-09-17","Não","Não","","","Não","Não","289"
"2026/06/16 9:00:00 AM GMT-3","2025-04-28","2024-07-17","248","Fêmea","Nelore","Marandu;MG-4;Decumbens;Tanzania","0.816","30","20","7","Sim","2025-09-17","Não","Não","","","Não","Não","296"
"2026/06/16 9:00:00 AM GMT-3","2025-04-28","2024-08-11","226","Fêmea","Anelorado","Marandu;MG-4;Decumbens;Tanzania","0.750","30","20","7","Sim","2025-09-17","Não","Não","","","Não","Não","274"
"2026/06/16 9:00:00 AM GMT-3","2024-11-19","2024-05-23","140","Fêmea","Anelorado","Marandu;MG-4;Decumbens;Tanzania","0.617","30","20","7","Sim","2025-09-17","Não","Não","","","Não","Não","271"
"2026/06/16 9:00:00 AM GMT-3","2024-11-19","2024-05-28","141","Fêmea","Anelorado","Marandu;MG-4;Decumbens;Tanzania","0.572","30","20","7","Sim","2025-09-17","Não","Não","","","Não","Não","240"
"2026/06/16 9:00:00 AM GMT-3","2025-04-28","2024-08-21","233","Fêmea","Anelorado","Marandu;MG-4;Decumbens;Tanzania","0.808","30","20","7","Sim","2025-09-17","Não","Não","","","Não","Não","306"
