peso_inicial_kg,idade_dias,sexo_macho,proporcao_bos_indicus_pct,quantidade_suplemento_kg_dia,pb_suplemento_pct,energia_metabolizavel_suplemento,frequencia_suplementacao_dias_semana,oferta_forragem_kg_ms_animal_dia,digestibilidade_forragem_pct,dias_permanecia,rotacao_piquete,estresse_transporte ,temperatura_media_c,precipitacao_acumulada_mm,dias_desde_evento_sanitario,duracao_evento_sanitario_dias,vacina_recente,vermifugacao_recente,saida_gmd_kg_dia
185,620,0,50,,,,7,,,381,1,1,29,,,,0,0,0.330708661417323
168,620,0,50,,,,7,,,450,1,1,29,,,,0,0,0.328888888888889
153,620,0,50,,,,7,,,450,1,1,29,,,,0,0,0.317777777777778
130,620,0,50,,,,7,,,450,1,1,29,,,,0,0,0.468888888888889
156,620,0,50,,,,7,,,450,1,1,29,,,,0,0,0.342222222222222
192,620,0,50,,,,7,,,450,1,1,29,,,,0,0,0.342222222222222
185,620,0,50,,,,7,,,450,1,1,29,,,,0,0,0.382222222222222
25,890,0,50,,,,7,,,890,1,1,29,,,,0,0,0.426966292134831
113,833,0,37.5,,,,7,,,653,1,0,31,,,,0,0,0.320061255742726
184,833,0,50,,,,7,,,653,1,0,31,,,,0,0,0.341500765696784
299,864,0,50,,,,7,,,234,1,0,31,,,,0,0,0.367521367521368
306,684,0,50,,,,7,,,234,1,0,31,,,,0,0,0.252136752136752
138,863,0,50,,,,7,,,653,1,0,31,,,,0,0,0.39509954058193
100,863,0,50,,,,7,,,653,1,0,31,,,,0,0,0.396630934150077
281,834,0,50,,,,7,,,234,1,0,31,,,,0,0,0.294871794871795
191,864,0,50,,,,7,,,654,1,0,31,,,,0,0,0.325688073394495
140,864,0,50,,,,7,,,654,1,0,31,,,,0,0,0.351681957186544
208,424,0,50,,,,7,,,185,1,0,31,,,,0,0,0.281081081081081
241,744,0,50,,,,7,,,234,1,0,31,,,,0,0,0.354700854700855
218,424,0,50,,,,7,,,184,1,0,31,,,,0,0,0.0652173913043478
212,424,0,50,,,,7,,,184,1,0,31,,,,0,0,0.505434782608696
195,409,0,50,,,,7,,,184,1,0,31,,,,0,0,0.222826086956522
136,467,0,50,,,,7,,,317,1,0,31,,,,0,0,0.438485804416404
236,384,0,50,,,,7,,,184,1,0,31,,,,0,0,0.228260869565217
211,384,0,50,,,,7,,,184,1,0,31,,,,0,0,0.239130434782609
251,684,0,37.5,,,,7,,,234,1,0,31,,,,0,0,0.0726495726495727
165,467,0,50,,,,7,,,317,1,0,31,,,,0,0,0.299684542586751
219,767,0,50,,,,7,,,317,1,0,31,,,,0,0,0.287066246056782
159,775,0,50,,,,7,,,595,1,0,31,,,,0,0,0.19327731092437
162,467,0,50,,,,7,,,317,1,0,31,,,,0,0,0.252365930599369
220,530,0,0,,,,7,,,383,1,0,24,,,,0,0,0.391644908616188
162,530,0,100,,,,7,,,277,1,0,24,,,,0,0,0.23826714801444
204,530,0,0,,,,7,,,383,1,0,24,,,,0,0,0.433420365535248
192,530,0,100,,,,7,,,277,1,0,24,,,,0,0,0.252707581227437
188,530,0,100,,,,7,,,277,1,0,24,,,,0,0,0.184115523465704
197,530,0,100,,,,7,,,383,1,0,24,,,,0,0,0.373368146214099
152,530,0,50,,,,7,,,383,1,0,24,,,,0,0,0.396866840731071
165,530,0,50,,,,7,,,383,1,0,24,,,,0,0,0.295039164490862
149,530,0,100,,,,7,,,383,1,0,24,,,,0,0,0.368146214099217
181,530,0,100,,,,7,,,383,1,0,24,,,,0,0,0.263707571801567
172,530,0,100,,,,7,,,383,1,0,24,,,,0,0,0.326370757180157
196,530,0,100,,,,7,,,383,1,0,24,,,,0,0,0.323759791122715
179,530,0,100,,,,7,,,383,1,0,24,,,,0,0,0.284595300261097
186,530,0,50,,,,7,,,383,1,0,24,,,,0,0,0.412532637075718
195,530,0,50,,,,7,,,383,1,0,24,,,,0,0,0.378590078328982
185,530,0,50,,,,7,,,383,1,0,24,,,,0,0,0.342036553524804
144,530,0,50,,,,7,,,383,1,0,24,,,,0,0,0.305483028720627
98,530,0,50,,,,7,,,383,1,0,24,,,,0,0,0.328981723237598
147,530,0,50,,,,7,,,383,1,0,24,,,,0,0,0.33420365535248
138,530,0,50,,,,7,,,259,1,0,24,,,,0,0,0.204633204633205
116,530,0,50,,,,7,,,259,1,0,25,,,,0,0,0.231660231660232
121,530,0,50,,,,7,,,259,1,0,25,,,,0,0,0.27027027027027
118,530,0,50,,,,7,,,259,1,0,25,,,,0,0,0.258687258687259
120,530,0,50,,,,7,,,154,1,0,25,,,,0,0,0.357142857142857
176,530,0,50,,,,7,,,301,1,0,25,,,,0,0,0.32890365448505
173,530,0,50,,,,7,,,301,1,0,20,,,,0,0,0.338870431893688
161,530,0,50,,,,7,,,301,1,0,20,,,,0,0,0.372093023255814
134,530,0,50,,,,7,,,301,1,0,20,,,,0,0,0.428571428571429
155,530,0,50,,,,7,,,383,1,0,20,,,,0,0,0.430809399477807
260,530,0,50,,,,7,,,301,1,0,20,,,,0,0,0.13953488372093
193,530,0,50,,,,7,,,301,1,0,20,,,,0,0,0.355481727574751
183,530,0,50,,,,7,,,301,1,0,20,,,,0,0,0.275747508305648
151,530,0,50,,,,7,,,301,1,0,20,,,,0,0,0.299003322259136
165,530,0,50,,,,7,,,301,1,0,20,,,,0,0,0.401993355481728
177,530,0,50,,,,7,,,301,1,0,20,,,,0,0,0.372093023255814
153,530,0,50,,,,7,,,301,1,0,20,,,,0,0,0.212624584717608
210,530,0,50,,,,7,,,301,1,0,20,,,,0,0,0.332225913621262
143,530,0,50,,,,7,,,301,1,0,20,,,,0,0,0.39202657807309
169,530,0,50,,,,7,,,301,1,0,20,,,,0,0,0.229235880398671
169,530,0,50,,,,7,,,383,1,0,20,,,,0,0,0.415143603133159
124,530,0,50,,,,7,,,383,1,0,24,,,,0,0,0.404699738903394
112,530,0,50,,,,7,,,259,1,0,24,,,,0,0,0.274131274131274
123,530,0,50,,,,7,,,259,1,0,31,,,,0,0,0.28957528957529
112,530,0,50,,,,7,,,154,1,0,31,,,,0,0,0.61038961038961
89,530,0,50,,,,7,,,259,1,0,31,,,,0,0,0.0540540540540541
120,530,0,50,,,,7,,,259,1,0,31,,,,0,0,0.231660231660232
115,530,0,50,,,,7,,,259,1,0,31,,,,0,0,0.22007722007722
167,530,0,50,,,,7,,,154,1,0,31,,,,0,0,0.253246753246753
185,530,0,50,,,,7,,,361,1,0,31,,,,0,0,0.313019390581717
179,530,0,50,,,,7,,,361,1,0,31,,,,0,0,0.373961218836565
205,530,0,50,,,,7,,,361,1,0,31,,,,0,0,0.329639889196676
207,530,0,50,,,,7,,,361,1,0,31,,,,0,0,0.401662049861496
240,530,0,50,,,,7,,,361,1,0,31,,,,0,0,0.354570637119114
222,530,0,50,,,,7,,,361,1,0,31,,,,0,0,0.227146814404432
193,530,0,50,,,,7,,,361,1,0,31,,,,0,0,0.346260387811634
169,530,0,50,,,,7,,,361,1,0,31,,,,0,0,0.335180055401662
194,530,0,50,,,,7,,,361,1,0,31,,,,0,0,0.343490304709141
265,530,0,50,,,,7,,,361,1,0,31,,,,0,0,0.301939058171745
275,530,0,50,,,,7,,,43,1,0,31,,,,0,0,0.116279069767442
230,530,0,50,,,,7,,,43,1,0,24,,,,0,0,-0.116279069767442
177,530,0,50,,,,7,,,148,1,0,24,,,,0,0,0
278,530,0,50,,,,7,,,43,1,0,24,,,,0,0,-0.186046511627907
192,530,0,50,,,,7,,,43,1,0,24,,,,0,0,0.13953488372093
121,530,0,50,,,,7,,,154,1,0,24,,,,0,0,0.519480519480519
272,530,0,50,,,,7,,,43,1,0,31,,,,0,0,0.0465116279069767
180,530,0,50,,,,7,,,148,1,0,24,,,,0,0,0
238,530,0,50,,,,7,,,43,1,0,24,,,,0,0,0
164,530,0,50,,,,7,,,148,1,0,24,,,,0,0,0
204,530,0,50,,,,7,,,43,1,0,24,,,,0,0,0.0465116279069767
149,530,0,50,,,,7,,,154,1,0,24,,,,0,0,0.253246753246753
224,530,0,50,,,,7,,,43,1,0,31,,,,0,0,-0.116279069767442
283,530,0,50,,,,7,,,43,1,0,31,,,,0,0,-0.0697674418604651
166,530,0,50,,,,7,,,148,1,0,31,,,,0,0,0
302,530,0,50,,,,7,,,148,1,0,31,,,,0,0,0
268,530,0,50,,,,7,,,43,1,0,31,,,,0,0,0.0465116279069767
162,530,0,50,,,,7,,,154,1,0,31,,,,0,0,0.24025974025974
186,530,0,50,,,,7,,,148,1,0,31,,,,0,0,0
124,530,0,50,,,,7,,,154,1,0,31,,,,0,0,0.422077922077922
197,530,0,50,,,,7,,,154,1,0,31,,,,0,0,0.409090909090909
224,530,0,50,,,,7,,,361,1,0,31,,,,0,0,0.365650969529086
246,530,0,50,,,,7,,,361,1,0,31,,,,0,0,0.315789473684211
110,530,0,50,,,,7,,,566,1,0,23,,,,0,0,0
109,530,0,50,,,,7,,,566,1,0,23,,,,0,0,0.340989399293286
137,530,0,50,,,,7,,,566,1,0,23,,,,0,0,0.374558303886926
89,530,0,50,,,,7,,,566,1,0,23,,,,0,0,0.438162544169611
138,530,0,50,,,,7,,,525,1,0,23,,,,0,0,0.466666666666667
133,530,0,50,,,,7,,,525,1,0,23,,,,0,0,0.365714285714286
132,530,0,50,,,,7,,,525,1,0,23,,,,0,0,0.445714285714286
112,530,0,50,,,,7,,,566,1,0,23,,,,0,0,0.429328621908127
115,530,0,50,,,,7,,,566,1,0,23,,,,0,0,0.503533568904594
83,530,0,50,,,,7,,,891,1,0,23,,,,0,0,0.244668911335578
106,530,0,50,,,,7,,,776,1,0,23,,,,0,0,0.212628865979381
150,530,0,50,,,,7,,,539,1,0,23,,,,0,0,0.289424860853432
170,530,0,50,,,,7,,,449,1,0,23,,,,0,0,0.347438752783964
209,530,0,50,,,,7,,,532,1,0,23,,,,0,0,0.298872180451128
260,530,0,50,,,,7,,,473,1,0,23,,,,0,0,0
143,530,0,0,,,,7,,,465,1,0,23,,,,0,0,0.447311827956989
195,530,0,50,,,,7,,,465,1,0,23,,,,0,0,0.350537634408602
173,530,0,50,,,,7,,,719,1,0,31,,,,0,0,0.253129346314325
194,530,0,50,,,,7,,,540,1,0,23,,,,0,0,0.237037037037037
204,530,0,50,,,,7,,,465,1,0,23,,,,0,0,0.352688172043011
217,530,0,50,,,,7,,,465,1,0,23,,,,0,0,0.363440860215054
137,530,0,0,,,,7,,,540,1,0,23,,,,0,0,0.42037037037037
208,530,0,50,,,,7,,,540,1,0,23,,,,0,0,0.283333333333333
196,530,0,50,,,,7,,,465,1,0,23,,,,0,0,0.436559139784946
236,530,0,0,,,,7,,,465,1,0,23,,,,0,0,0.21505376344086
181,530,0,0,,,,7,,,465,1,0,23,,,,0,0,0.273118279569893
197,530,0,0,,,,7,,,465,1,0,23,,,,0,0,0.303225806451613
154,530,0,50,,,,7,,,540,1,0,23,,,,0,0,0.422222222222222
176,530,0,50,,,,7,,,540,1,0,23,,,,0,0,0.268518518518519
196,530,0,50,,,,7,,,465,1,0,23,,,,0,0,0.163440860215054
153,530,0,0,,,,7,,,465,1,0,23,,,,0,0,0.397849462365591
92,530,0,50,,,,7,,,782,1,0,30,,,,0,0,0.350383631713555
145,530,0,50,,,,7,,,782,1,0,30,,,,0,0,0.272378516624041
90,530,0,50,,,,7,,,933,1,0,23,,,,0,0,0.297963558413719
107,530,0,50,,,,7,,,782,1,0,30,,,,0,0,0.368286445012788
177,530,0,50,,,,7,,,576,1,0,23,,,,0,0,0.246527777777778
80,530,0,50,,,,7,,,782,1,0,30,,,,0,0,0.274936061381074
102,530,0,50,,,,7,,,576,1,0,21,,,,0,0,0.324652777777778
130,530,0,50,,,,7,,,576,1,0,21,,,,0,0,0.380208333333333
105,530,0,50,,,,7,,,576,1,0,23,,,,0,0,0.317708333333333
91,530,0,50,,,,7,,,782,1,0,30,,,,0,0,0.296675191815857
102,530,0,50,,,,7,,,782,1,0,30,,,,0,0,0.301790281329923
83,530,0,50,,,,7,,,782,1,0,30,,,,0,0,0.351662404092072
205,530,0,50,,,,7,,,576,1,0,23,,,,0,0,0.583333333333333
228,530,0,50,,,,7,,,501,1,0,23,,,,0,0,0.30938123752495
201,530,0,50,,,,7,,,576,1,0,23,,,,0,0,0.222222222222222
213,530,0,50,,,,7,,,501,1,0,23,,,,0,0,0.359281437125749
231,530,0,50,,,,7,,,311,1,0,23,,,,0,0,0.443729903536978
220,530,0,50,,,,7,,,386,1,0,21,,,,0,0,0.341968911917098
209,530,0,50,,,,7,,,386,1,0,21,,,,0,0,0.370466321243523
192,530,0,50,,,,7,,,386,1,0,21,,,,0,0,0.406735751295337
204,530,0,50,,,,7,,,356,1,0,23,,,,0,0,0.410112359550562
161,530,0,50,,,,7,,,386,1,0,21,,,,0,0,0.398963730569948
228,530,0,50,,,,7,,,386,1,0,23,,,,0,0,0.383419689119171
215,530,0,50,,,,7,,,356,1,0,21,,,,0,0,0.382022471910112
200,530,0,50,,,,7,,,356,1,0,21,,,,0,0,0.471910112359551
223,530,0,50,,,,7,,,337,1,0,21,,,,0,0,0.350148367952522
245,530,0,50,,,,7,,,188,1,0,30,,,,0,0,0.367021276595745
226,530,0,50,,,,7,,,188,1,0,30,,,,0,0,0.340425531914894
188,530,0,50,,,,7,,,337,1,0,21,,,,0,0,0.406528189910979
240,530,0,50,,,,7,,,188,1,0,30,,,,0,0,0.351063829787234
222,530,0,50,,,,7,,,337,1,0,21,,,,0,0,0.362017804154303
183,530,0,50,,,,7,,,337,1,0,21,,,,0,0,0.442136498516321
228,530,0,50,,,,7,,,337,1,0,23,,,,0,0,0.370919881305638
252,530,0,50,,,,7,,,337,1,0,23,,,,0,0,0.344213649851632
163,530,0,50,,,,7,,,485,1,0,30,,,,0,0,0.319587628865979
116,530,0,50,,,,7,,,485,1,0,30,,,,0,0,0.34639175257732
150,530,0,50,,,,7,,,512,1,0,30,,,,0,0,0.30859375
148,530,0,50,,,,7,,,485,1,0,30,,,,0,0,0.237113402061856
247,530,0,50,,,,7,,,188,1,0,30,,,,0,0,0.24468085106383
251,530,0,50,,,,7,,,188,1,0,30,,,,0,0,0.265957446808511
239,530,0,50,,,,7,,,117,1,0,23,,,,0,0,0.606837606837607
188,530,0,50,,,,7,,,495,1,0,23,,,,0,0,0.327272727272727
160,530,0,50,,,,7,,,495,1,0,30,,,,0,0,0.315151515151515
158,530,0,50,,,,7,,,441,1,0,30,,,,0,0,0.310657596371882
208,530,0,50,,,,7,,,266,1,0,30,,,,0,0,0.548872180451128
128,530,0,50,,,,7,,,376,1,0,30,,,,0,0,0.452127659574468
218,530,0,50,,,,7,,,376,1,0,30,,,,0,0,0.430851063829787
162,530,0,50,,,,7,,,376,1,0,30,,,,0,0,0.271276595744681
135,530,0,50,,,,7,,,376,1,0,30,,,,0,0,0.484042553191489
138,530,0,50,,,,7,,,376,1,0,30,,,,0,0,0.444148936170213
168,530,0,50,,,,7,,,376,1,0,30,,,,0,0,0.422872340425532
168,530,0,50,,,,7,,,375,1,0,30,,,,0,0,0.413333333333333
185,530,0,50,,,,7,,,375,1,0,30,,,,0,0,0.4
172,530,0,50,,,,7,,,321,1,0,30,,,,0,0,0.348909657320872
188,530,0,50,,,,7,,,375,1,0,30,,,,0,0,0.32
208,530,0,50,,,,7,,,375,1,0,30,,,,0,0,0.368
200,530,0,50,,,,7,,,321,1,0,30,,,,0,0,0.345794392523364
135,530,0,50,,,,7,,,375,1,0,30,,,,0,0,0.472
130,530,0,50,,,,7,,,375,1,0,30,,,,0,0,0.474666666666667
140,530,0,50,,,,7,,,375,1,0,30,,,,0,0,0.418666666666667
198,530,0,50,,,,7,,,294,1,0,30,,,,0,0,0.363945578231293
